Cédula;N;Nombres y Apellidos;Sexo;Cambio de titular;Titular secundario;Cédula Tit. Secundario;Situación cambio de titular;Comunidad;Modelo implementado;Departamento;Distrito;Localidad;Teléfono;Vivienda_Latitud;Vivienda_Longitud;Superficie (Ha.);Situación_superficie;Plantado;Parcela_Latitud;Parcela_Longitud;Grupo Implementación;Grupo de Pago;Jornales;Monto;ETAPA FAO;Estado del participante;Adjudicado;Empresa;Lote;Monitorear Cocinas Eficientes;Fecha de Monitoreo FAO;% de prendimiento observado al momento del monitoreo;Estado FAO;Etapa de implementación FAO;Fecha visita Empresa;Cumple superficie mínima;Estado monitoreo;Situación encontrada al momento del monitoreo;Observación de gabinete;Dias transcurridos;Prioridad
5885619;1;ADOLFINA BENITEZ ROMERO;Mujer;NO;NO;0;NO;Indígena;Modelo 5;CANINDEYU;YPEJHÚ;COM INDIG ITANARA-PARIRI;ND;-23.8266316;-55.6892649;0.7;Parámetro;SI;-23.82644136;-55.68833989;G2;H-P9-XX-XX-XX;0;0;Mantenimiento Año 1.1;Activo;SI;Hyh Consultores SRL;H;Si;-;-;Verificar posible desercion;Mantenimiento Año 1.1;2026-09-23 14:54:39.606;Si;-;-;"Falta de interés o no ve el beneficio;Al momento de la visita se observa que en  la parcela  se realizó corpida y posterior quema afectando a plantas existente en la parcela, también se observa hoyos vacíos indicando que las plantas de citricos fue arrancado, al conversar con la participante reconoce que las plantas de citricos fue mudado a otra parte fuera de la parcela";4.378708263888257;ALTA
6954209;2;MARIBEL AGUILAR ALEGRE;Mujer;NO;NO;0;NO;Campesina;Modelo 4;CANINDEYU;YPEJHÚ;SAN JUAN;0976862256;-23.8728587;-55.4479625;0.7;Polígono;SI;-23.87353843;-55.45108936;G2;H-P5-XX-XX-XX;0;0;Mantenimiento Año 1.1;Activo;SI;Hyh Consultores SRL;H;No;-;-;Monitorear;Mantenimiento Año 1.1;2026-09-07 11:44:46.000;Si;-;-;-;20.510578703702777;ALTA
5829456;3;VICTORIANA RAMIREZ FERNANDEZ;Mujer;NO;NO;0;NO;Indígena;Modelo 5;CANINDEYU;YPEJHÚ;COM INDIG ITANARA-PARIRI;0982079023;-23.8379477;-55.6850948;0.7;Parámetro;SI;-23.83877383;-55.68495961;G2;H-P7-XX-XX-XX;0;0;Mantenimiento Año 1.1;Activo;SI;Hyh Consultores SRL;H;Si;-;-;Monitorear;Mantenimiento Año 1.1;2026-09-26 10:59:12.000;Si;-;-;-;1.5422222222186974;ALTA
5829383;4;NICOLASA BENITEZ;Mujer;NO;NO;0;NO;Indígena;Modelo 5;CANINDEYU;YPEJHÚ;COM INDIG ITANARA-PARIRI;0986705917;-23.8386296;-55.6890337;0.7;Parámetro;SI;-23.83979453;-55.69010629;G2;H-P8-XX-XX-XX;0;0;Mantenimiento Año 1.1;Activo;SI;Hyh Consultores SRL;H;Si;-;-;Monitorear;Mantenimiento Año 1.1;2026-09-07 11:36:05.000;Si;-;-;-;20.51660879629344;ALTA
6757463;5;LUCIANA MEDINA BENITEZ;Mujer;NO;NO;0;NO;Indígena;Modelo 5;CANINDEYU;YPEJHÚ;COM INDIG ITANARA-PARIRI;0986705917;-23.8292769;-55.6860319;0.7;Parámetro;SI;-23.82995375;-55.6872167;G2;H-P9-XX-XX-XX;0;0;Mantenimiento Año 1.1;Activo;SI;Hyh Consultores SRL;H;Si;2026-07-28 10:30:39.138000;70;Monitorear reposicion;Mantenimiento Año 1.1;2026-09-26 10:57:13.000;Si;No cumple;Parcela enmalezada, no se observan trabajos ni reposiciones, se recomienda realizar limpieza de lineas de plantación con desmalezadora, realizar replante y poda de cítricos;-;1.5435995370426099;ALTA
5885620;6;TERENCIA RECALDE BENITEZ;Mujer;NO;NO;0;NO;Indígena;Modelo 2;CANINDEYU;YPEJHÚ;COM INDIG ITANARA-PARIRI;0984587478;-23.8267262;-55.6904599;0.8;Parámetro;SI;-23.8257301;-55.68876182;G2;H-P8-XX-XX-XX;0;0;Mantenimiento Año 1.1;Activo;SI;Hyh Consultores SRL;H;Si;-;-;Monitorear;Mantenimiento Año 1.1;2026-09-25 02:25:19.000;Si;-;-;-;2.8990856481468654;ALTA
8057135;7;MIGUEL MENDOZA CAÑETE;Hombre;NO;NO;0;NO;Indígena;Modelo 5;CANINDEYU;YPEJHÚ;COM INDIG YVY KATU;0986817066;-23.9681576;-55.8542784;0.7;Parámetro;SI;-23.96753091;-55.85314743;G2;H-P7-XX-XX-XX;0;0;Mantenimiento Año 1.1;Activo;SI;Hyh Consultores SRL;H;No;2026-07-14 09:18:26.785000;70;Monitorear reposicion;Mantenimiento Año 1.1;2026-09-26 12:06:00.000;Si;No cumple;No se observan reposición de cítricos, se recomienda realizar la reposición de la totalidad, así mismo es ideal realizar la poda y enseñar a los participantes a como realizarlo después;-;1.4958333333270275;ALTA
6826727;8;CLEIDE RECALDE BENITEZ;Mujer;NO;NO;0;NO;Indígena;Modelo 5;CANINDEYU;YPEJHÚ;COM INDIG ITANARA-PARIRI;0986705917;-23.8275095;-55.6869852;0.7;Parámetro;SI;-23.82608597;-55.68762074;G2;H-P9-XX-XX-XX;0;0;Mantenimiento Año 1.1;Activo;SI;Hyh Consultores SRL;H;Si;-;-;Verificar posible desercion;Mantenimiento Año 1.1;2026-09-24 09:57:00.334;Si;-;-;"Falta de interés o no ve el beneficio;parcela abandonada sin plantas, se pudo conversar con la participante admitiendo que no va poder realizar actividades en la parcela y mudo las plantas de citricos en un sololugar  fuera de la parcela desconfigurando el proyecto";3.5854128009232227;ALTA
6630606;9;EUDA LOPEZ RAMIREZ;Mujer;NO;NO;0;NO;Indígena;Modelo 5;CANINDEYU;YPEJHÚ;COM INDIG PYPUCU;0986912672;-23.8980179;-55.6513767;0.7;Parámetro;SI;-23.89710474;-55.6512815;G2;H-P6-XX-XX-XX;0;0;Mantenimiento Año 1.1;Activo;SI;Hyh Consultores SRL;H;No;-;-;Verificar posible desercion;Mantenimiento Año 1.1;2026-09-12 15:57:58.511;Si;-;-;"Falta de interés o no ve el beneficio;Parcela sin cuidados culturales, abandonada";15.334739456018724;ALTA
8463681;10;CELIA LOPEZ BENITEZ;Mujer;NO;NO;0;NO;Indígena;Modelo 5;CANINDEYU;YPEJHÚ;COM INDIG PYPUCU;0983405406;-23.898487;-55.6448745;0.7;Parámetro;SI;-23.89725086;-55.64512879;G2;H-P6-XX-XX-XX;0;0;Mantenimiento Año 1.1;Activo;SI;Hyh Consultores SRL;H;No;-;-;Verificar posible desercion;Mantenimiento Año 1.1;2026-09-16 14:41:27.458;Si;-;-;"Incendios;Parcela Quemada en totalidad de área, Quemada por la propia participante";11.387876643522759;ALTA
6762931;11;ROSA ARCE BENITEZ;Mujer;NO;NO;0;NO;Indígena;Modelo 5;CANINDEYU;YPEJHÚ;COM INDIG YVY KATU;0985375468;-23.970895;-55.8612617;0.7;Parámetro;SI;-23.97029517;-55.86329077;G2;H-P7-XX-XX-XX;0;0;Mantenimiento Año 1.1;Activo;SI;Hyh Consultores SRL;H;No;2026-07-14 14:09:45.477000;50;Monitorear reposicion;Mantenimiento Año 1.1;2026-09-26 17:51:38.000;Si;No cumple;Parcela Agroforestal totalmente enmalezada, se recomienda realizar limpieza yhacer coronado en plantas, faltan reposición de al menos 50 % de cítricos, no se observan  reposición alguna, se recomienda  realizar poda y aplicacióndeoxicloruro. Se observa Ataque severo de hormigas.;-;1.2558101851827814;ALTA
6743519;12;ANASTACIO VERGARA PERALTA;Hombre;NO;NO;0;NO;Indígena;Modelo 5;CANINDEYU;YPEJHÚ;COM INDIG ITANARA-PARIRI;ND;-23.8384933;-55.6862934;0.7;Parámetro;SI;-23.8408245;-55.68573074;G2;H-P9-XX-XX-XX;0;0;Mantenimiento Año 1.1;Activo;SI;Hyh Consultores SRL;H;Si;-;-;Monitorear;Mantenimiento Año 1.1;2026-09-07 10:23:54.000;Si;-;-;-;20.566736111111823;ALTA
8078026;13;VICTOR ESPINOLA OCAMPO;Hombre;NO;NO;0;NO;Indígena;Modelo 5;CANINDEYU;YPEJHÚ;COM INDIG YVY KATU;0985637513;-23.9698162;-55.8589208;0.7;Parámetro;SI;-23.9657713;-55.85968949;G2;H-P7-XX-XX-XX;0;0;Mantenimiento Año 1.1;Activo;SI;Hyh Consultores SRL;H;-;-;-;Verificar posible desercion;Mantenimiento Año 1.1;2026-09-04 16:34:47.439;Si;-;-;-;23.309173159723287;ALTA
6757505;14;VIDALINA AQUINO RECALDE;Mujer;NO;NO;0;NO;Indígena;Modelo 2;CANINDEYU;YPEJHÚ;COM INDIG ITANARA-PARIRI;0984185421;-23.8671433;-55.6941333;0.8;Parámetro;SI;-23.86625117;-55.69416186;G2;H-P8-XX-XX-XX;0;0;Mantenimiento Año 1.1;Activo;SI;Hyh Consultores SRL;H;Si;-;-;Monitorear;Mantenimiento Año 1.1;2026-08-31 13:36:50.000;Si;-;-;-;27.432754629633564;ALTA
6747927;15;TRANQUILINA ESPINOLA FERNANDEZ;Mujer;NO;NO;0;NO;Indígena;Modelo 1;CANINDEYU;YPEJHÚ;COM INDIG KABAYU PASO;ND;-24.0061557;-55.8690014;0.8;Polígono;SI;-24.00706507;-55.87334657;G2;H-P3-XX-XX-XX;0;0;Mantenimiento Año 1.1;Activo;SI;Hyh Consultores SRL;H;-;-;-;Verificar posible desercion;Mantenimiento Año 1.1;2026-09-07 10:19:59.628;Si;-;-;"Falta de interés o no ve el beneficio;Parcela abandonada";20.569448750000447;ALTA
6751799;16;MARIA BENITEZ GAUTO;Mujer;NO;NO;0;NO;Indígena;Modelo 2;CANINDEYU;YPEJHÚ;COM INDIG BARRANCO APY  ;0985901858;-23.9814379;-55.8673135;0.8;Polígono;SI;-23.98118521;-55.86774503;G2;H-P8-XX-XX-XX;0;0;Mantenimiento Año 1.1;Activo;SI;Hyh Consultores SRL;H;-;-;-;Verificar posible desercion;Mantenimiento Año 1.1;2026-09-21 15:45:21.074;Si;-;-;"Falta de interés o no ve el beneficio;En el momento de la visita de la parcela se observó, que la parcela está en total abandono, tiene solo pastizal y sin ningún cuidado por parte de la beneficiaria motivo por el cual ella  decidió con la deserción de la parcela ya no podrá limpiar de acuerdo su expresión..";6.343506087956484;ALTA
4552818;17;SERGIA PERALTA;Mujer;NO;NO;0;NO;Indígena;Modelo 5;CANINDEYU;YPEJHÚ;COM INDIG PYPUCU;0983884886;-23.9230433;-55.6380033;0.7;Parámetro;SI;-23.92431144;-55.63756267;G2;H-P7-XX-XX-XX;0;0;Mantenimiento Año 1.1;Activo;SI;Hyh Consultores SRL;H;Si;-;-;Monitorear;Mantenimiento Año 1.1;2026-09-23 10:31:50.000;Si;-;-;-;4.5612268518525525;ALTA
8451882;18;GERMINA BENITEZ PERALTA;Mujer;NO;NO;0;NO;Indígena;Modelo 5;CANINDEYU;YPEJHÚ;COM INDIG PYPUCU;0985192562;-23.9240017;-55.6403333;0.7;Parámetro;SI;-23.92477948;-55.63698093;G2;H-P8-XX-XX-XX;0;0;Mantenimiento Año 1.1;Activo;SI;Hyh Consultores SRL;H;Si;-;-;Monitorear;Mantenimiento Año 1.1;2026-09-23 10:31:45.000;Si;-;-;-;4.561284722221899;ALTA
5454028;19;ISABEL RAMIREZ ROA;Mujer;NO;NO;0;NO;Indígena;Modelo 5;CANINDEYU;YPEJHÚ;COM INDIG PYPUCU;0986912672;-23.8980917;-55.651595;0.7;Parámetro;SI;-23.89715312;-55.65067415;G2;H-P8-XX-XX-XX;0;0;Mantenimiento Año 1.1;Activo;SI;Hyh Consultores SRL;H;No;-;-;Verificar posible desercion;Mantenimiento Año 1.1;2026-09-17 13:33:17.829;Si;-;-;"Falta de interés o no ve el beneficio;Parcela abandonada y quemada causando perdida de plantas, al conversar con la participante reconoció que ella misma prendió fuego en su parcela";10.435210312498384;ALTA
6779643;20;PLACIDO PACHER CABRAL;Hombre;NO;NO;0;NO;Indígena;Modelo 1;CANINDEYU;YPEJHÚ;COM INDIG KABAYU PASO;ND;-24.0007633;-55.8697767;0.8;Parámetro;SI;-24.00056337;-55.87063425;G2;H-P8-XX-XX-XX;0;0;Mantenimiento Año 1.1;Activo;SI;Hyh Consultores SRL;H;-;-;-;Verificar posible desercion;Mantenimiento Año 1.1;2026-08-29 14:38:55.439;Si;-;-;-;29.38963612268708;ALTA
6757450;21;REINALDO LOPEZ MARTINEZ;Hombre;NO;NO;0;0;Indígena;Modelo 5;CANINDEYU;YPEJHÚ;COM INDIG PARIRI;1234567890;-23.87857;-55.6980509;0.7;Parametro;SI;-23.87752733;-55.69752936;G2;H-P17-XX-XX-XX;0;0;Mantenimiento Año 1.1;Activo;Si;Hyh Consultores SRL;H;Si;-;-;Monitorear;Mantenimiento Año 1.1;2026-08-24 12:35:42.000;Si;-;-;-;34.47520833333692;ALTA
8323662;22;VILMA MEDINA BENITEZ;Mujer;NO;NO;0;NO;Indígena;Modelo 5;CANINDEYU;YPEJHÚ;COM INDIG PARIRI;1234567890;-23.879212;-55.6981634;0.7;Parametro;SI;-23.87975609;-55.6976014;G2;H-P17-XX-XX-XX;0;0;Mantenimiento Año 1.1;Activo;Si;Hyh Consultores SRL;H;Si;-;-;Monitorear;Mantenimiento Año 1.1;2026-08-18 13:41:15.000;Si;-;-;-;40.4296875;ALTA
